cell,0,Samsung S9,1000000.0,10,Samsung,China,Da sua chua
cell,0,Samsung S9,1000000.0,10,Samsung,China,Da sua chua
genuine,1,Samsung S9,1000000.0,10,Samsung,365,Toan Quoc
cell,0,Samsung S9,1000000.0,10,Samsung,China,Da sua chua
genuine,1,Samsung S9,1000000.0,10,Samsung,365,Toan Quoc
cell,0,Samsung S9,1000000.0,10,Samsung,China,Da sua chua
genuine,1,Samsung S9,1000000.0,10,Samsung,365,Toan Quoc
cell,0,Samsung S9,1000000.0,10,Samsung,China,Da sua chua
genuine,1,Samsung S9,1000000.0,10,Samsung,365,Toan Quoc
cell,0,Samsung S9,1000000.0,10,Samsung,China,Da sua chua
genuine,1,Samsung S9,1000000.0,10,Samsung,365,Toan Quoc
cell,0,Samsung S9,1000000.0,10,Samsung,China,Da sua chua
genuine,1,Samsung S9,1000000.0,10,Samsung,365,Toan Quoc
cell,0,Samsung S9,1000000.0,10,Samsung,China,Da sua chua
genuine,1,Samsung S9,1000000.0,10,Samsung,365,Toan Quoc
cell,0,Samsung S9,1000000.0,10,Samsung,China,Da sua chua
genuine,1,Samsung S9,1000000.0,10,Samsung,365,Toan Quoc
cell,0,Samsung S9,1000000.0,10,Samsung,China,Da sua chua
genuine,1,Samsung S9,1000000.0,10,Samsung,365,Toan Quoc
cell,0,Samsung S9,1000000.0,10,Samsung,China,Da sua chua
genuine,1,Samsung S9,1000000.0,10,Samsung,365,Toan Quoc
cell,0,Samsung S9,1000000.0,10,Samsung,China,Da sua chua
cell,0,Samsung S9,1000000.0,10,Samsung,China,Da sua chua
genuine,1,Samsung S9,1000000.0,10,Samsung,365,Toan Quoc
cell,0,Samsung S9,1000000.0,10,Samsung,China,Da sua chua
genuine,1,Samsung S9,1000000.0,10,Samsung,365,Toan Quoc
cell,0,Samsung S9,1000000.0,10,Samsung,China,Da sua chua
genuine,1,Samsung S9,1000000.0,10,Samsung,365,Toan Quoc
cell,0,Samsung S9,1000000.0,10,Samsung,China,Da sua chua
genuine,1,Samsung S9,1000000.0,10,Samsung,365,Toan Quoc
cell,0,Samsung S9,1000000.0,10,Samsung,China,Da sua chua
cell,0,Samsung S9,1000000.0,10,Samsung,China,Da sua chua
genuine,1,Samsung S9,1000000.0,10,Samsung,365,Toan Quoc
cell,0,Samsung S9,1000000.0,10,Samsung,China,Da sua chua
genuine,1,Samsung S9,1000000.0,10,Samsung,365,Toan Quoc
cell,0,Samsung S9,1000000.0,10,Samsung,China,Da sua chua
genuine,1,Samsung S9,1000000.0,10,Samsung,365,Toan Quoc
cell,0,Samsung S9,1000000.0,10,Samsung,China,Da sua chua
genuine,1,Samsung S9,1000000.0,10,Samsung,365,Toan Quoc
genuine,1,Samsung S9,1000000.0,10,Samsung,1000,Viet Nam
cell,0,Samsung S9,1000000.0,10,Samsung,China,Da sua chua
genuine,1,Samsung S9,1000000.0,10,Samsung,365,Toan Quoc
cell,0,Samsung S9,1000000.0,10,Samsung,China,Da sua chua
genuine,1,Samsung S9,1000000.0,10,Samsung,365,Toan Quoc
cell,0,Samsung S9,1000000.0,10,Samsung,China,Da sua chua
genuine,1,Samsung S9,1000000.0,10,Samsung,365,Toan Quoc
genuine,1,Samsung S9,1000000.0,10,Samsung,365,Toan Quoc
cell,0,Samsung S9,1000000.0,10,Samsung,China,Da sua chua
genuine,1,Samsung S9,1000000.0,10,Samsung,365,Toan Quoc
cell,0,Samsung S9,1000000.0,10,Samsung,China,Da sua chua
genuine,1,Samsung S9,1000000.0,10,Samsung,365,Toan Quoc
cell,1,Samsung S9,1000000.0,10,Samsung,Viet Nam,Da sua chua
cell,0,Samsung S9,1000000.0,10,Samsung,China,Da sua chua
genuine,1,Samsung S9,1000000.0,10,Samsung,365,Toan Quoc
cell,0,Samsung S9,1000000.0,10,Samsung,China,Da sua chua
genuine,1,Samsung S9,1000000.0,10,Samsung,365,Toan Quoc
cell,0,Samsung S9,1000000.0,10,Samsung,China,Da sua chua
genuine,1,Samsung S9,1000000.0,10,Samsung,365,Toan Quoc
cell,0,Samsung S9,1000000.0,10,Samsung,China,Da sua chua
genuine,1,Samsung S9,1000000.0,10,Samsung,365,Toan Quoc
cell,0,Samsung S9,1000000.0,10,Samsung,China,Da sua chua
genuine,1,Samsung S9,1000000.0,10,Samsung,365,Toan Quoc
cell,0,Samsung S9,1000000.0,10,Samsung,China,Da sua chua
genuine,1,Samsung S9,1000000.0,10,Samsung,365,Toan Quoc
cell,0,Samsung S9,1000000.0,10,Samsung,China,Da sua chua
cell,0,Samsung S9,1000000.0,10,Samsung,China,Da sua chua
genuine,1,Samsung S9,1000000.0,10,Samsung,365,Toan Quoc
cell,0,Samsung S9,1000000.0,10,Samsung,China,Da sua chua
genuine,1,Samsung S9,1000000.0,10,Samsung,365,Toan Quoc
cell,0,Samsung S9,1000000.0,10,Samsung,China,Da sua chua
genuine,1,Samsung S9,1000000.0,10,Samsung,365,Toan Quoc
cell,0,Samsung S9,1000000.0,10,Samsung,China,Da sua chua
genuine,1,Samsung S9,1000000.0,10,Samsung,365,Toan Quoc
cell,0,Samsung S9,1000000.0,10,Samsung,China,Da sua chua
cell,0,Samsung S9,1000000.0,10,Samsung,China,Da sua chua
genuine,1,Samsung S9,1000000.0,10,Samsung,365,Toan Quoc
cell,0,Samsung S9,1000000.0,10,Samsung,China,Da sua chua
genuine,1,Samsung S9,1000000.0,10,Samsung,365,Toan Quoc
cell,0,Samsung S9,1000000.0,10,Samsung,China,Da sua chua
genuine,1,Samsung S9,1000000.0,10,Samsung,365,Toan Quoc
cell,0,Samsung S9,1000000.0,10,Samsung,China,Da sua chua
genuine,1,Samsung S9,1000000.0,10,Samsung,365,Toan Quoc
cell,0,Samsung S9,1000000.0,10,Samsung,China,Da sua chua
genuine,1,Samsung S9,1000000.0,10,Samsung,365,Toan Quoc
genuine,1,Samsung S9,1000000.0,10,Samsung,365,Toan Quoc
cell,0,Samsung S9,1000000.0,10,Samsung,China,Da sua chua
genuine,1,Samsung S9,1000000.0,10,Samsung,365,Toan Quoc
cell,0,Samsung S9,1000000.0,10,Samsung,China,Da sua chua
genuine,1,Samsung S9,1000000.0,10,Samsung,365,Toan Quoc
cell,0,Samsung S9,1000000.0,10,Samsung,China,Da sua chua
genuine,1,Samsung S9,1000000.0,10,Samsung,365,Toan Quoc
cell,0,Samsung S9,1000000.0,10,Samsung,China,Da sua chua
genuine,1,Samsung S9,1000000.0,10,Samsung,365,Toan Quoc
